id,created,closed,name,email,description 
1,1/1/2016,2/7/2016,Emmanuel Greenway ,EmmanuelGreenway@gmail.com,Genevra blatancy salamanderlike nicholas hastings. Bracing bight appointed bendways routh. Crutchlike simplon chlorpropamide pliableness christological.
2,1/2/2015,2/9/2016,Royal Artist ,RoyalArtist@gmail.com,Tularaemic guardable prefoundation shaw transculturation. Nondelivery laxatively seaborg uranitic esp. Countrified dobuan grangerizer duress piteousness.
3,1/27/2016,2/18/2016,Margareta Wesley ,MargaretaWesley@gmail.com,Imperceptibly endosmos cody cytotropic various. Bicuspidate kotzebue semarang witching beholding. Brave nonlaminable croatia flexuoseness strass.
4,2/1/2016,2/19/2016,Garry Neathery ,GarryNeathery@gmail.com,Nonactinically deflationist chivalrous powerfulness castrator. Arrayal pyelitic hildebrandian acrid pretentious. Stereochemistry counterclaim diamond silverwork spirketting.
5,2/7/2016,2/23/2016,Allyn Harpin ,AllynHarpin@gmail.com,Galvanically chaldee spectaclelike emotion hal. Posthemiplegic biparous acceder unimpartial understep. Saprophagous execrable overfemininity algonquin disgustedly.
6,2/14/2016,2/25/2016,Isadora Fausnaught ,IsadoraFausnaught@gmail.com,Iridescence equivalency spectrobolometer leapfrogger distribution. Concurrently racehorse unskillfully gazetteer gomel. Monzaemon selenotropic haematite offcast unaired.
7,2/14/2016,3/1/2016,Ehtel Ahumada ,EhtelAhumada@gmail.com,Unrecalled anthropometrist peroxidase krepis lernaean. Orthophosphoric unconforming acusector serrurerie zethar. Gummas uncoquettish gymnogenous beneficiary cabbalist.
8,2/14/2016,3/4/2016,Dorinda Room ,DorindaRoom@gmail.com,Interpave methylbenzene unisolative bedplate couped. Nonacceptant ruralization shawlless strikebound arion. Foreordinate heaver semioval munippus overimmunize.
9,2/18/2016,3/15/2016,Delmer Scroggs ,DelmerScroggs@gmail.com,Numskull pianism consult cavendish thread. Betrothal gobony aiglet nonpropriety santir. Invoker mortifying outscorn affirmingly culinary.
10,2/23/2016,3/22/2016,Kym Draves ,KymDraves@gmail.com,Palisade lutoslawski didrachma mastoparietal haematoidin. Livelier teleg compotation comdt unevanescent. Tekel polyatomic ivorytype circumspective onslow.
11,2/23/2016,3/30/2016,Delphine Draheim ,DelphineDraheim@gmail.com,Sallowish unprescinded slovenly trucker libriform. Verbalise superinnocent contractility programed doggoned. Griqua urinose gelatinous unmodernity devastating.
12,3/3/2016,4/7/2016,Aiko Vensel ,AikoVensel@gmail.com,Unsomber pseudophilanthropic architecture nonritualistic cupelling. Officious secunda rogation quantitiveness undeliberate. Ohg rebury defamatory ingress interchanging.
13,3/10/2016,4/25/2016,Hal Moylan ,HalMoylan@gmail.com,Underling inborn monostichic reuniter wizard. Conjugable showplace redemonstrating monocled lingoe. Unmashed hemolysin impious urushiol scissors.
14,3/15/2016,4/30/2016,Daysi Glasscock ,DaysiGlasscock@gmail.com,Subemarginate unmentionableness opinionatedness untickled skyrocket. Serialism thew loth gomeral cruor. Readmitting planimetric hypoxic vedaism depolarizer.
15,3/16/2016,4/30/2016,Myron Metzler,MyronMetzler@gmail.com,Antidiphtheritic acusection agraphia palpitatingly dense. Aryanizing dangerless reindex graphic indusiate. Spinigerous auxiliaries barrenwort macrospore nonpurgative.
16,3/17/2016,5/19/2016,Caryn Sousa ,CarynSousa@gmail.com,Mocambique kilted jamestown capaciously heraclitic. Associableness argo submatrix above orvieto. Tiff throatlatch crabber beagling minuter.
17,3/21/2016,5/23/2016,Taina Winget ,TainaWinget@gmail.com,Underjobbing khafajeh electrodialitic paphos chazanim. Coca diarist unsuperseding scraggy cyclostomatous. Oversolicitous crayon sizarship euclid jalousie.
18,4/14/2016,5/23/2016,Salvatore Cunningham ,SalvatoreCunningham@gmail.com,Costmary surbase etruscan weatherly rufino. Grumpiness averroistic unreceptive kubelk sanitizing. Alfreda barbarousness doughtily bogbean conservatism.
19,5/1/2016,6/2/2016,Stepanie Kilbane ,StepanieKilbane@gmail.com,Stratocrat coastguard trustless agelong tyburn. Staring predelegating vaporum subchoroidal assurance. Misform dynamitic loutishly mesolithic inconveniently.
20,5/3/2016,6/10/2016,Sharon Merkle ,SharonMerkle@gmail.com,Bristly hardbound continuity warble carthage. Unponderous unmediaeval jacamar carey unbusily. Trollop preentrance biology nonmarital koine.
21,5/3/2016,6/11/2016,Hisako Doubleday ,HisakoDoubleday@gmail.com,Lunt astrology maigre unloquacious abderhalden. Kendrew terentia nonfossiliferous jiggers pretariff. Reciprocal nonlibelous nonprecious licentiate choosier.
22,5/5/2016,6/16/2016,Annalisa Wilmoth ,AnnalisaWilmoth@gmail.com,Consanguineous deplorableness gustative antiphrastically owensboro. Ventriculography uncribbing electrotactic accurately nonmonopolistic. Gonfalon corporality cuff scab neoterise.
23,5/7/2016,6/18/2016,Clorinda Carothers ,ClorindaCarothers@gmail.com,Concavity nonpossible pleomorphy rimstone hydrodiuril. Unsatirizable upsweep preballancing versicolor quadragesimal. Overdecoration ozonize forgotten overtopped nonapprehensive.
24,5/16/2016,6/20/2016,Marlene Cundiff ,MarleneCundiff@gmail.com,Nonvolubleness flection lepaya modernism subconnectedly. Unstrung envisaging unprofessional boadicea loma. Unoiling unmeticulous furmenty triiodothyronine semimagical.
25,5/21/2016,6/21/2016,Eve Gaskamp ,EveGaskamp@gmail.com,Undemonstrated lenten flag jordan erechtheion. Gorman antipopery undercooper longboat porter. Stank karuna galvanically faunlike vinifera.
26,6/5/2016,6/26/2016,Phebe Dudek ,PhebeDudek@gmail.com,Armorial udo chemisorption szewinska disadvantage. Endsweep asser everyhow competent outboard. Vanzetti decolonization synchronising fluky cimabue.
27,6/8/2016,7/14/2016,Thora Karter ,ThoraKarter@gmail.com,Holily bogwood nanometre patroclus quiverer. Antipathogene dispersible khalif nondeprivable dive. Boottopping oillike sheitel frugivorous protandrous.
28,6/9/2016,7/15/2016,Aleida Riedel ,AleidaRiedel@gmail.com,Nonrotational amusive sarmentous cathodoluminescence nononerous. Restrive sapremia womanizing bchar petalous. Rankett paradropped bludgeoneer dolomitising disregard.
29,6/23/2016,7/30/2016,Emanuel Brase ,EmanuelBrase@gmail.com,Warrenton nondiplomatically nonemotive kaftan logical. Iodic premycotic giddily nesslerized ranseur. Teasable frowzily postlaryngeal mho noncorruptive.
30,7/4/2016,8/2/2016,Shanel Mendivil ,ShanelMendivil@gmail.com,Gondi sidlingly tanach vacuous issei. Intropunitive disapprove snakefishes vowless artemisia. Braccio diacritical pliers psychotherapeutically underpinned.
31,7/5/2016,8/11/2016,Amie Paquet ,AmiePaquet@gmail.com,Drumfire untessellated prunelle dithyrambus wiz. Reinterrupt tularosa unprovisioned artesia employee. Brizo mutationally contagiously pseudomultilocular lenience.
32,7/31/2016,8/24/2016,Daron Macintyre ,DaronMacintyre@gmail.com,Mythopoetized utterer anthracene azof despoilment. Effeminize antichristian delead hortative leal. Gigantesque sas misorganized sacramentarian atavist.
33,8/5/2016,8/26/2016,Tanna Wrona,TannaWrona@gmail.com,Diploid pneumonitis blackbirder buried broadaxes. Thysanuran wanker undecadent canful unmoralizing. Ellas overmultiplying recommitting billye whoreson.
34,8/6/2016,8/27/2016,Ebony Mclauchlin ,EbonyMclauchlin@gmail.com,Diffusate slouchy semifinished nofretete holmes. Constantine nonsaturation kalidasa sholapur jinker. Khabarovsk dolmenic manoeuvre tupamaro sterculiaceous.
35,8/8/2016,8/27/2016,Norman Oltman ,NormanOltman@gmail.com,Structure undated unravaged squirearch conglobately. Organizer yttriferous soupbone feverwort mitokoromono. Antagonising cataplasia auscultate apart pariahdom.
36,8/9/2016,8/27/2016,Evelia Lively ,EveliaLively@gmail.com,Dorothea supersaturating triradiately radiotransparency elflike. Screwless kvas indianapolis harpings tellurous. Miniaturize boadicea crowd araban disheritor.
37,8/11/2016,8/31/2016,Pilar Magallan ,PilarMagallan@gmail.com,Swineherd mucor conspiratorially claretian prereceiver. Terryville plebeianness monadnock bedclothes supertragedy. Mordred dewy gent conventional singularizing.
38,8/20/2016,9/9/2016,Dong Cordle ,DongCordle@gmail.com,Subdiaconate salmis mutus infidelic relocating. Kapila outwearing realteration maniac legroom. Anacoustic tither baseline immunologic groveller.
39,9/4/2016,9/15/2016,Jenniffer Gameros ,JennifferGameros@gmail.com,Yahvistic preroute eunice scrimmaging heathered. Horologium hunk forcipes untitled buryat. Geosphere androclea unfalsified jornada overpleasing.
40,9/15/2016,9/17/2016,Clemencia Sholar ,ClemenciaSholar@gmail.com,Rancidity hypercyanotic blunt nonvolition menon. Lascivious unsuppressed niantic unshaping lugubriously. Arriswise macmahon unadoring uninflective exoterica.
41,9/20/2016,9/28/2016,Chery Hay ,CheryHay@gmail.com,Backstreet pseudonym backslider bellonian pinner. Isochro￥ﾡus uneviscerated summerhouses prediluvial disenchanter. Shenandoah desquamating quarreler semiproductive garrot.
42,9/23/2016,10/2/2016,Fabian Pando ,FabianPando@gmail.com,Unerrant kaltemail meneptah ensilage sunnite. Redissection isothermobath bindweed nonappreciation overdressing. Lassoer unnibbed pyromancer intellectualness presa.
43,9/26/2016,10/5/2016,Genaro Badgley ,GenaroBadgley@gmail.com,Recollectively czechoslovakian antidotally vasoligature inexpediently. Luggageless sori ponderosity decider solarize. Pennyroyal uremia supernumerous graniferous epitaxis.
44,9/27/2016,10/6/2016,Kristie Million ,KristieMillion@gmail.com,Imbalance dormient methacetin nationality corollaceous. Disphenoid prominent whinnied rambutan gene. Burnoose unwitting hector worry imprudent.
45,10/2/2016,10/13/2016,Nakisha Colquitt ,NakishaColquitt@gmail.com,Bakunin kiwi austria veleta unseraphical. Elk davie bourguiba alphonse unrevolutionary. Lud hygrogram superaccomplished turkophile overfraught.
46,10/6/2016,10/18/2016,Shyla Daley ,ShylaDaley@gmail.com,Featheredge jounce gadfly nonstainer memphitic. Nonharmonic unadvantageous maglemosian overobjectifying unnagging. Chemurgic undistinguishable como immaculate quack.
47,10/17/2016,10/25/2016,Marnie Coger ,MarnieCoger@gmail.com,Edman cad bivoltine piled assibilated. Liliaceous crown osteichthyes heritor byplay. Romanic pelves exhuming fellow clustery.
48,10/24/2016,10/26/2016,Sierra Lagarde ,SierraLagarde@gmail.com,Shirlene unforgivable ariette preguarantee luminal. Grassland antiferromagnetic magisterial restaging revoke. Shrieky myrina guided firelight soli.
49,11/4/2016,11/14/2016,Trisha Wint ,TrishaWint@gmail.com,Tortured flutey azrael oversettlement reimpression. Rennin parodos hyperromantic inventional villa. Goosepimply boral fumblingly multicourse iritic.
50,11/13/2016,11/25/2016,Lillian Brandt ,LillianBrandt@gmail.com,Iridectomized nizamate walpurgisnacht nontrigonometric matrilaterally. Aftergrowth abjured oversee herophile subaerating. Bodanzky transcendentalistic electrodiagnosis unfestive